{
  "ABIRoot": {
    "kind": "Root",
    "name": "SwapCore",
    "printedName": "SwapCore",
    "children": [
      {
        "kind": "Import",
        "name": "Foundation",
        "printedName": "Foundation",
        "declKind": "Import",
        "moduleName": "SwapCore",
        "declAttributes": [
          "RawDocComment"
        ]
      },
      {
        "kind": "TypeDecl",
        "name": "LoggerLevel",
        "printedName": "LoggerLevel",
        "children": [
          {
            "kind": "Var",
            "name": "info",
            "printedName": "info",
            "children": [
              {
                "kind": "TypeFunc",
                "name": "Function",
                "printedName": "(SwapCore.LoggerLevel.Type) -> SwapCore.LoggerLevel",
                "children": [
                  {
                    "kind": "TypeNominal",
                    "name": "LoggerLevel",
                    "printedName": "SwapCore.LoggerLevel",
                    "usr": "s:8SwapCore11LoggerLevelO"
                  },
                  {
                    "kind": "TypeNominal",
                    "name": "Metatype",
                    "printedName": "SwapCore.LoggerLevel.Type",
                    "children": [
                      {
                        "kind": "TypeNominal",
                        "name": "LoggerLevel",
                        "printedName": "SwapCore.LoggerLevel",
                        "usr": "s:8SwapCore11LoggerLevelO"
                      }
                    ]
                  }
                ]
              }
            ],
            "declKind": "EnumElement",
            "usr": "s:8SwapCore11LoggerLevelO4infoyA2CmF",
            "mangledName": "$s8SwapCore11LoggerLevelO4infoyA2CmF",
            "moduleName": "SwapCore"
          },
          {
            "kind": "Var",
            "name": "debug",
            "printedName": "debug",
            "children": [
              {
                "kind": "TypeFunc",
                "name": "Function",
                "printedName": "(SwapCore.LoggerLevel.Type) -> SwapCore.LoggerLevel",
                "children": [
                  {
                    "kind": "TypeNominal",
                    "name": "LoggerLevel",
                    "printedName": "SwapCore.LoggerLevel",
                    "usr": "s:8SwapCore11LoggerLevelO"
                  },
                  {
                    "kind": "TypeNominal",
                    "name": "Metatype",
                    "printedName": "SwapCore.LoggerLevel.Type",
                    "children": [
                      {
                        "kind": "TypeNominal",
                        "name": "LoggerLevel",
                        "printedName": "SwapCore.LoggerLevel",
                        "usr": "s:8SwapCore11LoggerLevelO"
                      }
                    ]
                  }
                ]
              }
            ],
            "declKind": "EnumElement",
            "usr": "s:8SwapCore11LoggerLevelO5debugyA2CmF",
            "mangledName": "$s8SwapCore11LoggerLevelO5debugyA2CmF",
            "moduleName": "SwapCore"
          },
          {
            "kind": "Var",
            "name": "warning",
            "printedName": "warning",
            "children": [
              {
                "kind": "TypeFunc",
                "name": "Function",
                "printedName": "(SwapCore.LoggerLevel.Type) -> SwapCore.LoggerLevel",
                "children": [
                  {
                    "kind": "TypeNominal",
                    "name": "LoggerLevel",
                    "printedName": "SwapCore.LoggerLevel",
                    "usr": "s:8SwapCore11LoggerLevelO"
                  },
                  {
                    "kind": "TypeNominal",
                    "name": "Metatype",
                    "printedName": "SwapCore.LoggerLevel.Type",
                    "children": [
                      {
                        "kind": "TypeNominal",
                        "name": "LoggerLevel",
                        "printedName": "SwapCore.LoggerLevel",
                        "usr": "s:8SwapCore11LoggerLevelO"
                      }
                    ]
                  }
                ]
              }
            ],
            "declKind": "EnumElement",
            "usr": "s:8SwapCore11LoggerLevelO7warningyA2CmF",
            "mangledName": "$s8SwapCore11LoggerLevelO7warningyA2CmF",
            "moduleName": "SwapCore"
          },
          {
            "kind": "Var",
            "name": "error",
            "printedName": "error",
            "children": [
              {
                "kind": "TypeFunc",
                "name": "Function",
                "printedName": "(SwapCore.LoggerLevel.Type) -> SwapCore.LoggerLevel",
                "children": [
                  {
                    "kind": "TypeNominal",
                    "name": "LoggerLevel",
                    "printedName": "SwapCore.LoggerLevel",
                    "usr": "s:8SwapCore11LoggerLevelO"
                  },
                  {
                    "kind": "TypeNominal",
                    "name": "Metatype",
                    "printedName": "SwapCore.LoggerLevel.Type",
                    "children": [
                      {
                        "kind": "TypeNominal",
                        "name": "LoggerLevel",
                        "printedName": "SwapCore.LoggerLevel",
                        "usr": "s:8SwapCore11LoggerLevelO"
                      }
                    ]
                  }
                ]
              }
            ],
            "declKind": "EnumElement",
            "usr": "s:8SwapCore11LoggerLevelO5erroryA2CmF",
            "mangledName": "$s8SwapCore11LoggerLevelO5erroryA2CmF",
            "moduleName": "SwapCore"
          },
          {
            "kind": "Var",
            "name": "none",
            "printedName": "none",
            "children": [
              {
                "kind": "TypeFunc",
                "name": "Function",
                "printedName": "(SwapCore.LoggerLevel.Type) -> SwapCore.LoggerLevel",
                "children": [
                  {
                    "kind": "TypeNominal",
                    "name": "LoggerLevel",
                    "printedName": "SwapCore.LoggerLevel",
                    "usr": "s:8SwapCore11LoggerLevelO"
                  },
                  {
                    "kind": "TypeNominal",
                    "name": "Metatype",
                    "printedName": "SwapCore.LoggerLevel.Type",
                    "children": [
                      {
                        "kind": "TypeNominal",
                        "name": "LoggerLevel",
                        "printedName": "SwapCore.LoggerLevel",
                        "usr": "s:8SwapCore11LoggerLevelO"
                      }
                    ]
                  }
                ]
              }
            ],
            "declKind": "EnumElement",
            "usr": "s:8SwapCore11LoggerLevelO4noneyA2CmF",
            "mangledName": "$s8SwapCore11LoggerLevelO4noneyA2CmF",
            "moduleName": "SwapCore"
          },
          {
            "kind": "Var",
            "name": "name",
            "printedName": "name",
            "children": [
              {
                "kind": "TypeNominal",
                "name": "String",
                "printedName": "Swift.String",
                "usr": "s:SS"
              }
            ],
            "declKind": "Var",
            "usr": "s:8SwapCore11LoggerLevelO4nameSSvp",
            "mangledName": "$s8SwapCore11LoggerLevelO4nameSSvp",
            "moduleName": "SwapCore",
            "accessors": [
              {
                "kind": "Accessor",
                "name": "Get",
                "printedName": "Get()",
                "children": [
                  {
                    "kind": "TypeNominal",
                    "name": "String",
                    "printedName": "Swift.String",
                    "usr": "s:SS"
                  }
                ],
                "declKind": "Accessor",
                "usr": "s:8SwapCore11LoggerLevelO4nameSSvg",
                "mangledName": "$s8SwapCore11LoggerLevelO4nameSSvg",
                "moduleName": "SwapCore",
                "accessorKind": "get"
              }
            ]
          },
          {
            "kind": "Constructor",
            "name": "init",
            "printedName": "init(rawValue:)",
            "children": [
              {
                "kind": "TypeNominal",
                "name": "Optional",
                "printedName": "SwapCore.LoggerLevel?",
                "children": [
                  {
                    "kind": "TypeNominal",
                    "name": "LoggerLevel",
                    "printedName": "SwapCore.LoggerLevel",
                    "usr": "s:8SwapCore11LoggerLevelO"
                  }
                ],
                "usr": "s:Sq"
              },
              {
                "kind": "TypeNominal",
                "name": "Int",
                "printedName": "Swift.Int",
                "usr": "s:Si"
              }
            ],
            "declKind": "Constructor",
            "usr": "s:8SwapCore11LoggerLevelO8rawValueACSgSi_tcfc",
            "mangledName": "$s8SwapCore11LoggerLevelO8rawValueACSgSi_tcfc",
            "moduleName": "SwapCore",
            "implicit": true,
            "init_kind": "Designated"
          },
          {
            "kind": "Var",
            "name": "rawValue",
            "printedName": "rawValue",
            "children": [
              {
                "kind": "TypeNominal",
                "name": "Int",
                "printedName": "Swift.Int",
                "usr": "s:Si"
              }
            ],
            "declKind": "Var",
            "usr": "s:8SwapCore11LoggerLevelO8rawValueSivp",
            "mangledName": "$s8SwapCore11LoggerLevelO8rawValueSivp",
            "moduleName": "SwapCore",
            "implicit": true,
            "accessors": [
              {
                "kind": "Accessor",
                "name": "Get",
                "printedName": "Get()",
                "children": [
                  {
                    "kind": "TypeNominal",
                    "name": "Int",
                    "printedName": "Swift.Int",
                    "usr": "s:Si"
                  }
                ],
                "declKind": "Accessor",
                "usr": "s:8SwapCore11LoggerLevelO8rawValueSivg",
                "mangledName": "$s8SwapCore11LoggerLevelO8rawValueSivg",
                "moduleName": "SwapCore",
                "implicit": true,
                "accessorKind": "get"
              }
            ]
          }
        ],
        "declKind": "Enum",
        "usr": "s:8SwapCore11LoggerLevelO",
        "mangledName": "$s8SwapCore11LoggerLevelO",
        "moduleName": "SwapCore",
        "declAttributes": [
          "AccessControl"
        ],
        "enumRawTypeName": "Int",
        "conformances": [
          {
            "kind": "Conformance",
            "name": "Copyable",
            "printedName": "Copyable",
            "usr": "s:s8CopyableP",
            "mangledName": "$ss8CopyableP"
          },
          {
            "kind": "Conformance",
            "name": "Escapable",
            "printedName": "Escapable",
            "usr": "s:s9EscapableP",
            "mangledName": "$ss9EscapableP"
          },
          {
            "kind": "Conformance",
            "name": "Equatable",
            "printedName": "Equatable",
            "usr": "s:SQ",
            "mangledName": "$sSQ"
          },
          {
            "kind": "Conformance",
            "name": "Hashable",
            "printedName": "Hashable",
            "usr": "s:SH",
            "mangledName": "$sSH"
          },
          {
            "kind": "Conformance",
            "name": "RawRepresentable",
            "printedName": "RawRepresentable",
            "children": [
              {
                "kind": "TypeWitness",
                "name": "RawValue",
                "printedName": "RawValue",
                "children": [
                  {
                    "kind": "TypeNominal",
                    "name": "Int",
                    "printedName": "Swift.Int",
                    "usr": "s:Si"
                  }
                ]
              }
            ],
            "usr": "s:SY",
            "mangledName": "$sSY"
          }
        ]
      },
      {
        "kind": "TypeDecl",
        "name": "LoggerOutput",
        "printedName": "LoggerOutput",
        "children": [
          {
            "kind": "Var",
            "name": "debuggerConsole",
            "printedName": "debuggerConsole",
            "children": [
              {
                "kind": "TypeFunc",
                "name": "Function",
                "printedName": "(SwapCore.LoggerOutput.Type) -> SwapCore.LoggerOutput",
                "children": [
                  {
                    "kind": "TypeNominal",
                    "name": "LoggerOutput",
                    "printedName": "SwapCore.LoggerOutput",
                    "usr": "s:8SwapCore12LoggerOutputO"
                  },
                  {
                    "kind": "TypeNominal",
                    "name": "Metatype",
                    "printedName": "SwapCore.LoggerOutput.Type",
                    "children": [
                      {
                        "kind": "TypeNominal",
                        "name": "LoggerOutput",
                        "printedName": "SwapCore.LoggerOutput",
                        "usr": "s:8SwapCore12LoggerOutputO"
                      }
                    ]
                  }
                ]
              }
            ],
            "declKind": "EnumElement",
            "usr": "s:8SwapCore12LoggerOutputO15debuggerConsoleyA2CmF",
            "mangledName": "$s8SwapCore12LoggerOutputO15debuggerConsoleyA2CmF",
            "moduleName": "SwapCore"
          },
          {
            "kind": "Var",
            "name": "deviceConsole",
            "printedName": "deviceConsole",
            "children": [
              {
                "kind": "TypeFunc",
                "name": "Function",
                "printedName": "(SwapCore.LoggerOutput.Type) -> SwapCore.LoggerOutput",
                "children": [
                  {
                    "kind": "TypeNominal",
                    "name": "LoggerOutput",
                    "printedName": "SwapCore.LoggerOutput",
                    "usr": "s:8SwapCore12LoggerOutputO"
                  },
                  {
                    "kind": "TypeNominal",
                    "name": "Metatype",
                    "printedName": "SwapCore.LoggerOutput.Type",
                    "children": [
                      {
                        "kind": "TypeNominal",
                        "name": "LoggerOutput",
                        "printedName": "SwapCore.LoggerOutput",
                        "usr": "s:8SwapCore12LoggerOutputO"
                      }
                    ]
                  }
                ]
              }
            ],
            "declKind": "EnumElement",
            "usr": "s:8SwapCore12LoggerOutputO13deviceConsoleyA2CmF",
            "mangledName": "$s8SwapCore12LoggerOutputO13deviceConsoleyA2CmF",
            "moduleName": "SwapCore"
          },
          {
            "kind": "Constructor",
            "name": "init",
            "printedName": "init(rawValue:)",
            "children": [
              {
                "kind": "TypeNominal",
                "name": "Optional",
                "printedName": "SwapCore.LoggerOutput?",
                "children": [
                  {
                    "kind": "TypeNominal",
                    "name": "LoggerOutput",
                    "printedName": "SwapCore.LoggerOutput",
                    "usr": "s:8SwapCore12LoggerOutputO"
                  }
                ],
                "usr": "s:Sq"
              },
              {
                "kind": "TypeNominal",
                "name": "String",
                "printedName": "Swift.String",
                "usr": "s:SS"
              }
            ],
            "declKind": "Constructor",
            "usr": "s:8SwapCore12LoggerOutputO8rawValueACSgSS_tcfc",
            "mangledName": "$s8SwapCore12LoggerOutputO8rawValueACSgSS_tcfc",
            "moduleName": "SwapCore",
            "implicit": true,
            "init_kind": "Designated"
          },
          {
            "kind": "Var",
            "name": "rawValue",
            "printedName": "rawValue",
            "children": [
              {
                "kind": "TypeNominal",
                "name": "String",
                "printedName": "Swift.String",
                "usr": "s:SS"
              }
            ],
            "declKind": "Var",
            "usr": "s:8SwapCore12LoggerOutputO8rawValueSSvp",
            "mangledName": "$s8SwapCore12LoggerOutputO8rawValueSSvp",
            "moduleName": "SwapCore",
            "implicit": true,
            "accessors": [
              {
                "kind": "Accessor",
                "name": "Get",
                "printedName": "Get()",
                "children": [
                  {
                    "kind": "TypeNominal",
                    "name": "String",
                    "printedName": "Swift.String",
                    "usr": "s:SS"
                  }
                ],
                "declKind": "Accessor",
                "usr": "s:8SwapCore12LoggerOutputO8rawValueSSvg",
                "mangledName": "$s8SwapCore12LoggerOutputO8rawValueSSvg",
                "moduleName": "SwapCore",
                "implicit": true,
                "accessorKind": "get"
              }
            ]
          }
        ],
        "declKind": "Enum",
        "usr": "s:8SwapCore12LoggerOutputO",
        "mangledName": "$s8SwapCore12LoggerOutputO",
        "moduleName": "SwapCore",
        "declAttributes": [
          "AccessControl"
        ],
        "enumRawTypeName": "String",
        "conformances": [
          {
            "kind": "Conformance",
            "name": "Copyable",
            "printedName": "Copyable",
            "usr": "s:s8CopyableP",
            "mangledName": "$ss8CopyableP"
          },
          {
            "kind": "Conformance",
            "name": "Escapable",
            "printedName": "Escapable",
            "usr": "s:s9EscapableP",
            "mangledName": "$ss9EscapableP"
          },
          {
            "kind": "Conformance",
            "name": "Equatable",
            "printedName": "Equatable",
            "usr": "s:SQ",
            "mangledName": "$sSQ"
          },
          {
            "kind": "Conformance",
            "name": "Hashable",
            "printedName": "Hashable",
            "usr": "s:SH",
            "mangledName": "$sSH"
          },
          {
            "kind": "Conformance",
            "name": "RawRepresentable",
            "printedName": "RawRepresentable",
            "children": [
              {
                "kind": "TypeWitness",
                "name": "RawValue",
                "printedName": "RawValue",
                "children": [
                  {
                    "kind": "TypeNominal",
                    "name": "String",
                    "printedName": "Swift.String",
                    "usr": "s:SS"
                  }
                ]
              }
            ],
            "usr": "s:SY",
            "mangledName": "$sSY"
          }
        ]
      },
      {
        "kind": "TypeDecl",
        "name": "NiceLogger",
        "printedName": "NiceLogger",
        "children": [
          {
            "kind": "Var",
            "name": "tag",
            "printedName": "tag",
            "children": [
              {
                "kind": "TypeNominal",
                "name": "Optional",
                "printedName": "Swift.String?",
                "children": [
                  {
                    "kind": "TypeNominal",
                    "name": "String",
                    "printedName": "Swift.String",
                    "usr": "s:SS"
                  }
                ],
                "usr": "s:Sq"
              }
            ],
            "declKind": "Var",
            "usr": "s:8SwapCore10NiceLoggerC3tagSSSgvpZ",
            "mangledName": "$s8SwapCore10NiceLoggerC3tagSSSgvpZ",
            "moduleName": "SwapCore",
            "static": true,
            "declAttributes": [
              "HasInitialValue",
              "Final",
              "HasStorage",
              "AccessControl"
            ],
            "hasStorage": true,
            "accessors": [
              {
                "kind": "Accessor",
                "name": "Get",
                "printedName": "Get()",
                "children": [
                  {
                    "kind": "TypeNominal",
                    "name": "Optional",
                    "printedName": "Swift.String?",
                    "children": [
                      {
                        "kind": "TypeNominal",
                        "name": "String",
                        "printedName": "Swift.String",
                        "usr": "s:SS"
                      }
                    ],
                    "usr": "s:Sq"
                  }
                ],
                "declKind": "Accessor",
                "usr": "s:8SwapCore10NiceLoggerC3tagSSSgvgZ",
                "mangledName": "$s8SwapCore10NiceLoggerC3tagSSSgvgZ",
                "moduleName": "SwapCore",
                "static": true,
                "implicit": true,
                "declAttributes": [
                  "Final"
                ],
                "accessorKind": "get"
              },
              {
                "kind": "Accessor",
                "name": "Set",
                "printedName": "Set()",
                "children": [
                  {
                    "kind": "TypeNominal",
                    "name": "Void",
                    "printedName": "()"
                  },
                  {
                    "kind": "TypeNominal",
                    "name": "Optional",
                    "printedName": "Swift.String?",
                    "children": [
                      {
                        "kind": "TypeNominal",
                        "name": "String",
                        "printedName": "Swift.String",
                        "usr": "s:SS"
                      }
                    ],
                    "usr": "s:Sq"
                  }
                ],
                "declKind": "Accessor",
                "usr": "s:8SwapCore10NiceLoggerC3tagSSSgvsZ",
                "mangledName": "$s8SwapCore10NiceLoggerC3tagSSSgvsZ",
                "moduleName": "SwapCore",
                "static": true,
                "implicit": true,
                "declAttributes": [
                  "Final"
                ],
                "accessorKind": "set"
              },
              {
                "kind": "Accessor",
                "name": "Modify",
                "printedName": "Modify()",
                "children": [
                  {
                    "kind": "TypeNominal",
                    "name": "Void",
                    "printedName": "()"
                  }
                ],
                "declKind": "Accessor",
                "usr": "s:8SwapCore10NiceLoggerC3tagSSSgvMZ",
                "mangledName": "$s8SwapCore10NiceLoggerC3tagSSSgvMZ",
                "moduleName": "SwapCore",
                "static": true,
                "implicit": true,
                "declAttributes": [
                  "Final"
                ],
                "accessorKind": "_modify"
              }
            ]
          },
          {
            "kind": "Var",
            "name": "level",
            "printedName": "level",
            "children": [
              {
                "kind": "TypeNominal",
                "name": "LoggerLevel",
                "printedName": "SwapCore.LoggerLevel",
                "usr": "s:8SwapCore11LoggerLevelO"
              }
            ],
            "declKind": "Var",
            "usr": "s:8SwapCore10NiceLoggerC5levelAA0D5LevelOvpZ",
            "mangledName": "$s8SwapCore10NiceLoggerC5levelAA0D5LevelOvpZ",
            "moduleName": "SwapCore",
            "static": true,
            "declAttributes": [
              "HasInitialValue",
              "Final",
              "HasStorage",
              "AccessControl"
            ],
            "hasStorage": true,
            "accessors": [
              {
                "kind": "Accessor",
                "name": "Get",
                "printedName": "Get()",
                "children": [
                  {
                    "kind": "TypeNominal",
                    "name": "LoggerLevel",
                    "printedName": "SwapCore.LoggerLevel",
                    "usr": "s:8SwapCore11LoggerLevelO"
                  }
                ],
                "declKind": "Accessor",
                "usr": "s:8SwapCore10NiceLoggerC5levelAA0D5LevelOvgZ",
                "mangledName": "$s8SwapCore10NiceLoggerC5levelAA0D5LevelOvgZ",
                "moduleName": "SwapCore",
                "static": true,
                "implicit": true,
                "declAttributes": [
                  "Final"
                ],
                "accessorKind": "get"
              },
              {
                "kind": "Accessor",
                "name": "Set",
                "printedName": "Set()",
                "children": [
                  {
                    "kind": "TypeNominal",
                    "name": "Void",
                    "printedName": "()"
                  },
                  {
                    "kind": "TypeNominal",
                    "name": "LoggerLevel",
                    "printedName": "SwapCore.LoggerLevel",
                    "usr": "s:8SwapCore11LoggerLevelO"
                  }
                ],
                "declKind": "Accessor",
                "usr": "s:8SwapCore10NiceLoggerC5levelAA0D5LevelOvsZ",
                "mangledName": "$s8SwapCore10NiceLoggerC5levelAA0D5LevelOvsZ",
                "moduleName": "SwapCore",
                "static": true,
                "implicit": true,
                "declAttributes": [
                  "Final"
                ],
                "accessorKind": "set"
              },
              {
                "kind": "Accessor",
                "name": "Modify",
                "printedName": "Modify()",
                "children": [
                  {
                    "kind": "TypeNominal",
                    "name": "Void",
                    "printedName": "()"
                  }
                ],
                "declKind": "Accessor",
                "usr": "s:8SwapCore10NiceLoggerC5levelAA0D5LevelOvMZ",
                "mangledName": "$s8SwapCore10NiceLoggerC5levelAA0D5LevelOvMZ",
                "moduleName": "SwapCore",
                "static": true,
                "implicit": true,
                "declAttributes": [
                  "Final"
                ],
                "accessorKind": "_modify"
              }
            ]
          },
          {
            "kind": "Var",
            "name": "ouput",
            "printedName": "ouput",
            "children": [
              {
                "kind": "TypeNominal",
                "name": "LoggerOutput",
                "printedName": "SwapCore.LoggerOutput",
                "usr": "s:8SwapCore12LoggerOutputO"
              }
            ],
            "declKind": "Var",
            "usr": "s:8SwapCore10NiceLoggerC5ouputAA0D6OutputOvpZ",
            "mangledName": "$s8SwapCore10NiceLoggerC5ouputAA0D6OutputOvpZ",
            "moduleName": "SwapCore",
            "static": true,
            "declAttributes": [
              "HasInitialValue",
              "Final",
              "HasStorage",
              "AccessControl"
            ],
            "hasStorage": true,
            "accessors": [
              {
                "kind": "Accessor",
                "name": "Get",
                "printedName": "Get()",
                "children": [
                  {
                    "kind": "TypeNominal",
                    "name": "LoggerOutput",
                    "printedName": "SwapCore.LoggerOutput",
                    "usr": "s:8SwapCore12LoggerOutputO"
                  }
                ],
                "declKind": "Accessor",
                "usr": "s:8SwapCore10NiceLoggerC5ouputAA0D6OutputOvgZ",
                "mangledName": "$s8SwapCore10NiceLoggerC5ouputAA0D6OutputOvgZ",
                "moduleName": "SwapCore",
                "static": true,
                "implicit": true,
                "declAttributes": [
                  "Final"
                ],
                "accessorKind": "get"
              },
              {
                "kind": "Accessor",
                "name": "Set",
                "printedName": "Set()",
                "children": [
                  {
                    "kind": "TypeNominal",
                    "name": "Void",
                    "printedName": "()"
                  },
                  {
                    "kind": "TypeNominal",
                    "name": "LoggerOutput",
                    "printedName": "SwapCore.LoggerOutput",
                    "usr": "s:8SwapCore12LoggerOutputO"
                  }
                ],
                "declKind": "Accessor",
                "usr": "s:8SwapCore10NiceLoggerC5ouputAA0D6OutputOvsZ",
                "mangledName": "$s8SwapCore10NiceLoggerC5ouputAA0D6OutputOvsZ",
                "moduleName": "SwapCore",
                "static": true,
                "implicit": true,
                "declAttributes": [
                  "Final"
                ],
                "accessorKind": "set"
              },
              {
                "kind": "Accessor",
                "name": "Modify",
                "printedName": "Modify()",
                "children": [
                  {
                    "kind": "TypeNominal",
                    "name": "Void",
                    "printedName": "()"
                  }
                ],
                "declKind": "Accessor",
                "usr": "s:8SwapCore10NiceLoggerC5ouputAA0D6OutputOvMZ",
                "mangledName": "$s8SwapCore10NiceLoggerC5ouputAA0D6OutputOvMZ",
                "moduleName": "SwapCore",
                "static": true,
                "implicit": true,
                "declAttributes": [
                  "Final"
                ],
                "accessorKind": "_modify"
              }
            ]
          },
          {
            "kind": "Var",
            "name": "showThread",
            "printedName": "showThread",
            "children": [
              {
                "kind": "TypeNominal",
                "name": "Bool",
                "printedName": "Swift.Bool",
                "usr": "s:Sb"
              }
            ],
            "declKind": "Var",
            "usr": "s:8SwapCore10NiceLoggerC10showThreadSbvpZ",
            "mangledName": "$s8SwapCore10NiceLoggerC10showThreadSbvpZ",
            "moduleName": "SwapCore",
            "static": true,
            "declAttributes": [
              "HasInitialValue",
              "Final",
              "HasStorage",
              "AccessControl"
            ],
            "hasStorage": true,
            "accessors": [
              {
                "kind": "Accessor",
                "name": "Get",
                "printedName": "Get()",
                "children": [
                  {
                    "kind": "TypeNominal",
                    "name": "Bool",
                    "printedName": "Swift.Bool",
                    "usr": "s:Sb"
                  }
                ],
                "declKind": "Accessor",
                "usr": "s:8SwapCore10NiceLoggerC10showThreadSbvgZ",
                "mangledName": "$s8SwapCore10NiceLoggerC10showThreadSbvgZ",
                "moduleName": "SwapCore",
                "static": true,
                "implicit": true,
                "declAttributes": [
                  "Final"
                ],
                "accessorKind": "get"
              },
              {
                "kind": "Accessor",
                "name": "Set",
                "printedName": "Set()",
                "children": [
                  {
                    "kind": "TypeNominal",
                    "name": "Void",
                    "printedName": "()"
                  },
                  {
                    "kind": "TypeNominal",
                    "name": "Bool",
                    "printedName": "Swift.Bool",
                    "usr": "s:Sb"
                  }
                ],
                "declKind": "Accessor",
                "usr": "s:8SwapCore10NiceLoggerC10showThreadSbvsZ",
                "mangledName": "$s8SwapCore10NiceLoggerC10showThreadSbvsZ",
                "moduleName": "SwapCore",
                "static": true,
                "implicit": true,
                "declAttributes": [
                  "Final"
                ],
                "accessorKind": "set"
              },
              {
                "kind": "Accessor",
                "name": "Modify",
                "printedName": "Modify()",
                "children": [
                  {
                    "kind": "TypeNominal",
                    "name": "Void",
                    "printedName": "()"
                  }
                ],
                "declKind": "Accessor",
                "usr": "s:8SwapCore10NiceLoggerC10showThreadSbvMZ",
                "mangledName": "$s8SwapCore10NiceLoggerC10showThreadSbvMZ",
                "moduleName": "SwapCore",
                "static": true,
                "implicit": true,
                "declAttributes": [
                  "Final"
                ],
                "accessorKind": "_modify"
              }
            ]
          },
          {
            "kind": "Function",
            "name": "log",
            "printedName": "log(_:message:currentTime:fileName:functionName:lineNumber:thread:)",
            "children": [
              {
                "kind": "TypeNominal",
                "name": "Void",
                "printedName": "()"
              },
              {
                "kind": "TypeNominal",
                "name": "LoggerLevel",
                "printedName": "SwapCore.LoggerLevel",
                "usr": "s:8SwapCore11LoggerLevelO"
              },
              {
                "kind": "TypeNominal",
                "name": "String",
                "printedName": "Swift.String",
                "usr": "s:SS"
              },
              {
                "kind": "TypeNominal",
                "name": "Date",
                "printedName": "Foundation.Date",
                "usr": "s:10Foundation4DateV"
              },
              {
                "kind": "TypeNominal",
                "name": "String",
                "printedName": "Swift.String",
                "usr": "s:SS"
              },
              {
                "kind": "TypeNominal",
                "name": "String",
                "printedName": "Swift.String",
                "usr": "s:SS"
              },
              {
                "kind": "TypeNominal",
                "name": "Int",
                "printedName": "Swift.Int",
                "usr": "s:Si"
              },
              {
                "kind": "TypeNominal",
                "name": "Thread",
                "printedName": "Foundation.Thread",
                "usr": "c:objc(cs)NSThread"
              }
            ],
            "declKind": "Func",
            "usr": "s:8SwapCore10NiceLoggerC3log_7message11currentTime8fileName08functionJ010lineNumber6threadyAA0D5LevelO_SS10Foundation4DateVS2SSiSo8NSThreadCtFZ",
            "mangledName": "$s8SwapCore10NiceLoggerC3log_7message11currentTime8fileName08functionJ010lineNumber6threadyAA0D5LevelO_SS10Foundation4DateVS2SSiSo8NSThreadCtFZ",
            "moduleName": "SwapCore",
            "static": true,
            "isOpen": true,
            "funcSelfKind": "NonMutating"
          },
          {
            "kind": "Function",
            "name": "i",
            "printedName": "i(_:currentTime:fileName:functionName:lineNumber:thread:)",
            "children": [
              {
                "kind": "TypeNominal",
                "name": "Void",
                "printedName": "()"
              },
              {
                "kind": "TypeNominal",
                "name": "String",
                "printedName": "Swift.String",
                "usr": "s:SS"
              },
              {
                "kind": "TypeNominal",
                "name": "Date",
                "printedName": "Foundation.Date",
                "hasDefaultArg": true,
                "usr": "s:10Foundation4DateV"
              },
              {
                "kind": "TypeNominal",
                "name": "String",
                "printedName": "Swift.String",
                "hasDefaultArg": true,
                "usr": "s:SS"
              },
              {
                "kind": "TypeNominal",
                "name": "String",
                "printedName": "Swift.String",
                "hasDefaultArg": true,
                "usr": "s:SS"
              },
              {
                "kind": "TypeNominal",
                "name": "Int",
                "printedName": "Swift.Int",
                "hasDefaultArg": true,
                "usr": "s:Si"
              },
              {
                "kind": "TypeNominal",
                "name": "Thread",
                "printedName": "Foundation.Thread",
                "hasDefaultArg": true,
                "usr": "c:objc(cs)NSThread"
              }
            ],
            "declKind": "Func",
            "usr": "s:8SwapCore10NiceLoggerC1i_11currentTime8fileName08functionH010lineNumber6threadySS_10Foundation4DateVS2SSiSo8NSThreadCtFZ",
            "mangledName": "$s8SwapCore10NiceLoggerC1i_11currentTime8fileName08functionH010lineNumber6threadySS_10Foundation4DateVS2SSiSo8NSThreadCtFZ",
            "moduleName": "SwapCore",
            "static": true,
            "isOpen": true,
            "declAttributes": [
              "AccessControl"
            ],
            "funcSelfKind": "NonMutating"
          },
          {
            "kind": "Function",
            "name": "d",
            "printedName": "d(_:currentTime:fileName:functionName:lineNumber:thread:)",
            "children": [
              {
                "kind": "TypeNominal",
                "name": "Void",
                "printedName": "()"
              },
              {
                "kind": "TypeNominal",
                "name": "String",
                "printedName": "Swift.String",
                "usr": "s:SS"
              },
              {
                "kind": "TypeNominal",
                "name": "Date",
                "printedName": "Foundation.Date",
                "hasDefaultArg": true,
                "usr": "s:10Foundation4DateV"
              },
              {
                "kind": "TypeNominal",
                "name": "String",
                "printedName": "Swift.String",
                "hasDefaultArg": true,
                "usr": "s:SS"
              },
              {
                "kind": "TypeNominal",
                "name": "String",
                "printedName": "Swift.String",
                "hasDefaultArg": true,
                "usr": "s:SS"
              },
              {
                "kind": "TypeNominal",
                "name": "Int",
                "printedName": "Swift.Int",
                "hasDefaultArg": true,
                "usr": "s:Si"
              },
              {
                "kind": "TypeNominal",
                "name": "Thread",
                "printedName": "Foundation.Thread",
                "hasDefaultArg": true,
                "usr": "c:objc(cs)NSThread"
              }
            ],
            "declKind": "Func",
            "usr": "s:8SwapCore10NiceLoggerC1d_11currentTime8fileName08functionH010lineNumber6threadySS_10Foundation4DateVS2SSiSo8NSThreadCtFZ",
            "mangledName": "$s8SwapCore10NiceLoggerC1d_11currentTime8fileName08functionH010lineNumber6threadySS_10Foundation4DateVS2SSiSo8NSThreadCtFZ",
            "moduleName": "SwapCore",
            "static": true,
            "isOpen": true,
            "declAttributes": [
              "AccessControl"
            ],
            "funcSelfKind": "NonMutating"
          },
          {
            "kind": "Function",
            "name": "w",
            "printedName": "w(_:currentTime:fileName:functionName:lineNumber:thread:)",
            "children": [
              {
                "kind": "TypeNominal",
                "name": "Void",
                "printedName": "()"
              },
              {
                "kind": "TypeNominal",
                "name": "String",
                "printedName": "Swift.String",
                "usr": "s:SS"
              },
              {
                "kind": "TypeNominal",
                "name": "Date",
                "printedName": "Foundation.Date",
                "hasDefaultArg": true,
                "usr": "s:10Foundation4DateV"
              },
              {
                "kind": "TypeNominal",
                "name": "String",
                "printedName": "Swift.String",
                "hasDefaultArg": true,
                "usr": "s:SS"
              },
              {
                "kind": "TypeNominal",
                "name": "String",
                "printedName": "Swift.String",
                "hasDefaultArg": true,
                "usr": "s:SS"
              },
              {
                "kind": "TypeNominal",
                "name": "Int",
                "printedName": "Swift.Int",
                "hasDefaultArg": true,
                "usr": "s:Si"
              },
              {
                "kind": "TypeNominal",
                "name": "Thread",
                "printedName": "Foundation.Thread",
                "hasDefaultArg": true,
                "usr": "c:objc(cs)NSThread"
              }
            ],
            "declKind": "Func",
            "usr": "s:8SwapCore10NiceLoggerC1w_11currentTime8fileName08functionH010lineNumber6threadySS_10Foundation4DateVS2SSiSo8NSThreadCtFZ",
            "mangledName": "$s8SwapCore10NiceLoggerC1w_11currentTime8fileName08functionH010lineNumber6threadySS_10Foundation4DateVS2SSiSo8NSThreadCtFZ",
            "moduleName": "SwapCore",
            "static": true,
            "isOpen": true,
            "declAttributes": [
              "AccessControl"
            ],
            "funcSelfKind": "NonMutating"
          },
          {
            "kind": "Function",
            "name": "e",
            "printedName": "e(_:currentTime:fileName:functionName:lineNumber:thread:)",
            "children": [
              {
                "kind": "TypeNominal",
                "name": "Void",
                "printedName": "()"
              },
              {
                "kind": "TypeNominal",
                "name": "String",
                "printedName": "Swift.String",
                "usr": "s:SS"
              },
              {
                "kind": "TypeNominal",
                "name": "Date",
                "printedName": "Foundation.Date",
                "hasDefaultArg": true,
                "usr": "s:10Foundation4DateV"
              },
              {
                "kind": "TypeNominal",
                "name": "String",
                "printedName": "Swift.String",
                "hasDefaultArg": true,
                "usr": "s:SS"
              },
              {
                "kind": "TypeNominal",
                "name": "String",
                "printedName": "Swift.String",
                "hasDefaultArg": true,
                "usr": "s:SS"
              },
              {
                "kind": "TypeNominal",
                "name": "Int",
                "printedName": "Swift.Int",
                "hasDefaultArg": true,
                "usr": "s:Si"
              },
              {
                "kind": "TypeNominal",
                "name": "Thread",
                "printedName": "Foundation.Thread",
                "hasDefaultArg": true,
                "usr": "c:objc(cs)NSThread"
              }
            ],
            "declKind": "Func",
            "usr": "s:8SwapCore10NiceLoggerC1e_11currentTime8fileName08functionH010lineNumber6threadySS_10Foundation4DateVS2SSiSo8NSThreadCtFZ",
            "mangledName": "$s8SwapCore10NiceLoggerC1e_11currentTime8fileName08functionH010lineNumber6threadySS_10Foundation4DateVS2SSiSo8NSThreadCtFZ",
            "moduleName": "SwapCore",
            "static": true,
            "isOpen": true,
            "declAttributes": [
              "AccessControl"
            ],
            "funcSelfKind": "NonMutating"
          }
        ],
        "declKind": "Class",
        "usr": "c:@M@SwapCore@objc(cs)NiceLogger",
        "mangledName": "$s8SwapCore10NiceLoggerC",
        "moduleName": "SwapCore",
        "isOpen": true,
        "declAttributes": [
          "AccessControl",
          "ObjC"
        ],
        "superclassUsr": "c:objc(cs)NSObject",
        "hasMissingDesignatedInitializers": true,
        "inheritsConvenienceInitializers": true,
        "superclassNames": [
          "ObjectiveC.NSObject"
        ],
        "conformances": [
          {
            "kind": "Conformance",
            "name": "Copyable",
            "printedName": "Copyable",
            "usr": "s:s8CopyableP",
            "mangledName": "$ss8CopyableP"
          },
          {
            "kind": "Conformance",
            "name": "Escapable",
            "printedName": "Escapable",
            "usr": "s:s9EscapableP",
            "mangledName": "$ss9EscapableP"
          },
          {
            "kind": "Conformance",
            "name": "Equatable",
            "printedName": "Equatable",
            "usr": "s:SQ",
            "mangledName": "$sSQ"
          },
          {
            "kind": "Conformance",
            "name": "Hashable",
            "printedName": "Hashable",
            "usr": "s:SH",
            "mangledName": "$sSH"
          },
          {
            "kind": "Conformance",
            "name": "CVarArg",
            "printedName": "CVarArg",
            "usr": "s:s7CVarArgP",
            "mangledName": "$ss7CVarArgP"
          },
          {
            "kind": "Conformance",
            "name": "_KeyValueCodingAndObservingPublishing",
            "printedName": "_KeyValueCodingAndObservingPublishing",
            "usr": "s:10Foundation37_KeyValueCodingAndObservingPublishingP",
            "mangledName": "$s10Foundation37_KeyValueCodingAndObservingPublishingP"
          },
          {
            "kind": "Conformance",
            "name": "_KeyValueCodingAndObserving",
            "printedName": "_KeyValueCodingAndObserving",
            "usr": "s:10Foundation27_KeyValueCodingAndObservingP",
            "mangledName": "$s10Foundation27_KeyValueCodingAndObservingP"
          },
          {
            "kind": "Conformance",
            "name": "CustomStringConvertible",
            "printedName": "CustomStringConvertible",
            "usr": "s:s23CustomStringConvertibleP",
            "mangledName": "$ss23CustomStringConvertibleP"
          },
          {
            "kind": "Conformance",
            "name": "CustomDebugStringConvertible",
            "printedName": "CustomDebugStringConvertible",
            "usr": "s:s28CustomDebugStringConvertibleP",
            "mangledName": "$ss28CustomDebugStringConvertibleP"
          }
        ]
      },
      {
        "kind": "TypeDecl",
        "name": "Date",
        "printedName": "Date",
        "children": [
          {
            "kind": "Var",
            "name": "millisecondsSince1970",
            "printedName": "millisecondsSince1970",
            "children": [
              {
                "kind": "TypeNominal",
                "name": "Int",
                "printedName": "Swift.Int",
                "usr": "s:Si"
              }
            ],
            "declKind": "Var",
            "usr": "s:10Foundation4DateV8SwapCoreE21millisecondsSince1970Sivp",
            "mangledName": "$s10Foundation4DateV8SwapCoreE21millisecondsSince1970Sivp",
            "moduleName": "SwapCore",
            "isFromExtension": true,
            "accessors": [
              {
                "kind": "Accessor",
                "name": "Get",
                "printedName": "Get()",
                "children": [
                  {
                    "kind": "TypeNominal",
                    "name": "Int",
                    "printedName": "Swift.Int",
                    "usr": "s:Si"
                  }
                ],
                "declKind": "Accessor",
                "usr": "s:10Foundation4DateV8SwapCoreE21millisecondsSince1970Sivg",
                "mangledName": "$s10Foundation4DateV8SwapCoreE21millisecondsSince1970Sivg",
                "moduleName": "SwapCore",
                "isFromExtension": true,
                "accessorKind": "get"
              }
            ]
          },
          {
            "kind": "Var",
            "name": "secondsSince1970",
            "printedName": "secondsSince1970",
            "children": [
              {
                "kind": "TypeNominal",
                "name": "Int",
                "printedName": "Swift.Int",
                "usr": "s:Si"
              }
            ],
            "declKind": "Var",
            "usr": "s:10Foundation4DateV8SwapCoreE16secondsSince1970Sivp",
            "mangledName": "$s10Foundation4DateV8SwapCoreE16secondsSince1970Sivp",
            "moduleName": "SwapCore",
            "isFromExtension": true,
            "accessors": [
              {
                "kind": "Accessor",
                "name": "Get",
                "printedName": "Get()",
                "children": [
                  {
                    "kind": "TypeNominal",
                    "name": "Int",
                    "printedName": "Swift.Int",
                    "usr": "s:Si"
                  }
                ],
                "declKind": "Accessor",
                "usr": "s:10Foundation4DateV8SwapCoreE16secondsSince1970Sivg",
                "mangledName": "$s10Foundation4DateV8SwapCoreE16secondsSince1970Sivg",
                "moduleName": "SwapCore",
                "isFromExtension": true,
                "accessorKind": "get"
              }
            ]
          },
          {
            "kind": "Constructor",
            "name": "init",
            "printedName": "init(milliseconds:)",
            "children": [
              {
                "kind": "TypeNominal",
                "name": "Date",
                "printedName": "Foundation.Date",
                "usr": "s:10Foundation4DateV"
              },
              {
                "kind": "TypeNominal",
                "name": "Int",
                "printedName": "Swift.Int",
                "usr": "s:Si"
              }
            ],
            "declKind": "Constructor",
            "usr": "s:10Foundation4DateV8SwapCoreE12millisecondsACSi_tcfc",
            "mangledName": "$s10Foundation4DateV8SwapCoreE12millisecondsACSi_tcfc",
            "moduleName": "SwapCore",
            "isFromExtension": true,
            "init_kind": "Designated"
          },
          {
            "kind": "Function",
            "name": "getCurrentTimeString",
            "printedName": "getCurrentTimeString(_:)",
            "children": [
              {
                "kind": "TypeNominal",
                "name": "String",
                "printedName": "Swift.String",
                "usr": "s:SS"
              },
              {
                "kind": "TypeNominal",
                "name": "String",
                "printedName": "Swift.String",
                "hasDefaultArg": true,
                "usr": "s:SS"
              }
            ],
            "declKind": "Func",
            "usr": "s:10Foundation4DateV8SwapCoreE20getCurrentTimeStringyS2SF",
            "mangledName": "$s10Foundation4DateV8SwapCoreE20getCurrentTimeStringyS2SF",
            "moduleName": "SwapCore",
            "isFromExtension": true,
            "funcSelfKind": "NonMutating"
          },
          {
            "kind": "Var",
            "name": "iso8601",
            "printedName": "iso8601",
            "children": [
              {
                "kind": "TypeNominal",
                "name": "String",
                "printedName": "Swift.String",
                "usr": "s:SS"
              }
            ],
            "declKind": "Var",
            "usr": "s:10Foundation4DateV8SwapCoreE7iso8601SSvp",
            "mangledName": "$s10Foundation4DateV8SwapCoreE7iso8601SSvp",
            "moduleName": "SwapCore",
            "isFromExtension": true,
            "accessors": [
              {
                "kind": "Accessor",
                "name": "Get",
                "printedName": "Get()",
                "children": [
                  {
                    "kind": "TypeNominal",
                    "name": "String",
                    "printedName": "Swift.String",
                    "usr": "s:SS"
                  }
                ],
                "declKind": "Accessor",
                "usr": "s:10Foundation4DateV8SwapCoreE7iso8601SSvg",
                "mangledName": "$s10Foundation4DateV8SwapCoreE7iso8601SSvg",
                "moduleName": "SwapCore",
                "isFromExtension": true,
                "accessorKind": "get"
              }
            ]
          }
        ],
        "declKind": "Struct",
        "usr": "s:10Foundation4DateV",
        "mangledName": "$s10Foundation4DateV",
        "moduleName": "Foundation",
        "intro_Macosx": "10.10",
        "intro_iOS": "8.0",
        "intro_tvOS": "9.0",
        "intro_watchOS": "2.0",
        "declAttributes": [
          "Available",
          "Available",
          "Available",
          "Available"
        ],
        "isExternal": true,
        "conformances": [
          {
            "kind": "Conformance",
            "name": "Comparable",
            "printedName": "Comparable",
            "usr": "s:SL",
            "mangledName": "$sSL"
          },
          {
            "kind": "Conformance",
            "name": "Hashable",
            "printedName": "Hashable",
            "usr": "s:SH",
            "mangledName": "$sSH"
          },
          {
            "kind": "Conformance",
            "name": "Equatable",
            "printedName": "Equatable",
            "usr": "s:SQ",
            "mangledName": "$sSQ"
          },
          {
            "kind": "Conformance",
            "name": "Sendable",
            "printedName": "Sendable",
            "usr": "s:s8SendableP",
            "mangledName": "$ss8SendableP"
          },
          {
            "kind": "Conformance",
            "name": "Copyable",
            "printedName": "Copyable",
            "usr": "s:s8CopyableP",
            "mangledName": "$ss8CopyableP"
          },
          {
            "kind": "Conformance",
            "name": "Escapable",
            "printedName": "Escapable",
            "usr": "s:s9EscapableP",
            "mangledName": "$ss9EscapableP"
          },
          {
            "kind": "Conformance",
            "name": "CustomDebugStringConvertible",
            "printedName": "CustomDebugStringConvertible",
            "usr": "s:s28CustomDebugStringConvertibleP",
            "mangledName": "$ss28CustomDebugStringConvertibleP"
          },
          {
            "kind": "Conformance",
            "name": "CustomStringConvertible",
            "printedName": "CustomStringConvertible",
            "usr": "s:s23CustomStringConvertibleP",
            "mangledName": "$ss23CustomStringConvertibleP"
          },
          {
            "kind": "Conformance",
            "name": "CustomReflectable",
            "printedName": "CustomReflectable",
            "usr": "s:s17CustomReflectableP",
            "mangledName": "$ss17CustomReflectableP"
          },
          {
            "kind": "Conformance",
            "name": "Decodable",
            "printedName": "Decodable",
            "usr": "s:Se",
            "mangledName": "$sSe"
          },
          {
            "kind": "Conformance",
            "name": "Encodable",
            "printedName": "Encodable",
            "usr": "s:SE",
            "mangledName": "$sSE"
          },
          {
            "kind": "Conformance",
            "name": "ReferenceConvertible",
            "printedName": "ReferenceConvertible",
            "children": [
              {
                "kind": "TypeWitness",
                "name": "ReferenceType",
                "printedName": "ReferenceType",
                "children": [
                  {
                    "kind": "TypeNominal",
                    "name": "NSDate",
                    "printedName": "Foundation.NSDate",
                    "usr": "c:objc(cs)NSDate"
                  }
                ]
              }
            ],
            "usr": "s:10Foundation20ReferenceConvertibleP",
            "mangledName": "$s10Foundation20ReferenceConvertibleP"
          },
          {
            "kind": "Conformance",
            "name": "_ObjectiveCBridgeable",
            "printedName": "_ObjectiveCBridgeable",
            "children": [
              {
                "kind": "TypeWitness",
                "name": "_ObjectiveCType",
                "printedName": "_ObjectiveCType",
                "children": [
                  {
                    "kind": "TypeNominal",
                    "name": "NSDate",
                    "printedName": "Foundation.NSDate",
                    "usr": "c:objc(cs)NSDate"
                  }
                ]
              }
            ],
            "usr": "s:s21_ObjectiveCBridgeableP",
            "mangledName": "$ss21_ObjectiveCBridgeableP"
          },
          {
            "kind": "Conformance",
            "name": "_CustomPlaygroundQuickLookable",
            "printedName": "_CustomPlaygroundQuickLookable",
            "usr": "s:s30_CustomPlaygroundQuickLookableP",
            "mangledName": "$ss30_CustomPlaygroundQuickLookableP"
          },
          {
            "kind": "Conformance",
            "name": "Strideable",
            "printedName": "Strideable",
            "children": [
              {
                "kind": "TypeWitness",
                "name": "Stride",
                "printedName": "Stride",
                "children": [
                  {
                    "kind": "TypeNominal",
                    "name": "Double",
                    "printedName": "Swift.Double",
                    "usr": "s:Sd"
                  }
                ]
              }
            ],
            "usr": "s:Sx",
            "mangledName": "$sSx"
          }
        ]
      },
      {
        "kind": "TypeDecl",
        "name": "Formatter",
        "printedName": "Formatter",
        "children": [
          {
            "kind": "Var",
            "name": "iso8601",
            "printedName": "iso8601",
            "children": [
              {
                "kind": "TypeNominal",
                "name": "DateFormatter",
                "printedName": "Foundation.DateFormatter",
                "usr": "c:objc(cs)NSDateFormatter"
              }
            ],
            "declKind": "Var",
            "usr": "s:So11NSFormatterC8SwapCoreE7iso8601So15NSDateFormatterCvpZ",
            "mangledName": "$sSo11NSFormatterC8SwapCoreE7iso8601So15NSDateFormatterCvpZ",
            "moduleName": "SwapCore",
            "static": true,
            "declAttributes": [
              "HasInitialValue",
              "Final",
              "HasStorage"
            ],
            "isFromExtension": true,
            "isLet": true,
            "hasStorage": true,
            "accessors": [
              {
                "kind": "Accessor",
                "name": "Get",
                "printedName": "Get()",
                "children": [
                  {
                    "kind": "TypeNominal",
                    "name": "DateFormatter",
                    "printedName": "Foundation.DateFormatter",
                    "usr": "c:objc(cs)NSDateFormatter"
                  }
                ],
                "declKind": "Accessor",
                "usr": "s:So11NSFormatterC8SwapCoreE7iso8601So15NSDateFormatterCvgZ",
                "mangledName": "$sSo11NSFormatterC8SwapCoreE7iso8601So15NSDateFormatterCvgZ",
                "moduleName": "SwapCore",
                "static": true,
                "implicit": true,
                "declAttributes": [
                  "Final"
                ],
                "isFromExtension": true,
                "accessorKind": "get"
              }
            ]
          }
        ],
        "declKind": "Class",
        "usr": "c:objc(cs)NSFormatter",
        "moduleName": "Foundation",
        "isOpen": true,
        "objc_name": "NSFormatter",
        "declAttributes": [
          "ObjC",
          "NonSendable",
          "Dynamic"
        ],
        "superclassUsr": "c:objc(cs)NSObject",
        "isExternal": true,
        "inheritsConvenienceInitializers": true,
        "superclassNames": [
          "ObjectiveC.NSObject"
        ],
        "conformances": [
          {
            "kind": "Conformance",
            "name": "Copyable",
            "printedName": "Copyable",
            "usr": "s:s8CopyableP",
            "mangledName": "$ss8CopyableP"
          },
          {
            "kind": "Conformance",
            "name": "Escapable",
            "printedName": "Escapable",
            "usr": "s:s9EscapableP",
            "mangledName": "$ss9EscapableP"
          },
          {
            "kind": "Conformance",
            "name": "Equatable",
            "printedName": "Equatable",
            "usr": "s:SQ",
            "mangledName": "$sSQ"
          },
          {
            "kind": "Conformance",
            "name": "Hashable",
            "printedName": "Hashable",
            "usr": "s:SH",
            "mangledName": "$sSH"
          },
          {
            "kind": "Conformance",
            "name": "CVarArg",
            "printedName": "CVarArg",
            "usr": "s:s7CVarArgP",
            "mangledName": "$ss7CVarArgP"
          },
          {
            "kind": "Conformance",
            "name": "_KeyValueCodingAndObservingPublishing",
            "printedName": "_KeyValueCodingAndObservingPublishing",
            "usr": "s:10Foundation37_KeyValueCodingAndObservingPublishingP",
            "mangledName": "$s10Foundation37_KeyValueCodingAndObservingPublishingP"
          },
          {
            "kind": "Conformance",
            "name": "_KeyValueCodingAndObserving",
            "printedName": "_KeyValueCodingAndObserving",
            "usr": "s:10Foundation27_KeyValueCodingAndObservingP",
            "mangledName": "$s10Foundation27_KeyValueCodingAndObservingP"
          },
          {
            "kind": "Conformance",
            "name": "CustomStringConvertible",
            "printedName": "CustomStringConvertible",
            "usr": "s:s23CustomStringConvertibleP",
            "mangledName": "$ss23CustomStringConvertibleP"
          },
          {
            "kind": "Conformance",
            "name": "CustomDebugStringConvertible",
            "printedName": "CustomDebugStringConvertible",
            "usr": "s:s28CustomDebugStringConvertibleP",
            "mangledName": "$ss28CustomDebugStringConvertibleP"
          }
        ]
      },
      {
        "kind": "TypeDecl",
        "name": "String",
        "printedName": "String",
        "children": [
          {
            "kind": "Var",
            "name": "dateFromISO8601",
            "printedName": "dateFromISO8601",
            "children": [
              {
                "kind": "TypeNominal",
                "name": "Optional",
                "printedName": "Foundation.Date?",
                "children": [
                  {
                    "kind": "TypeNominal",
                    "name": "Date",
                    "printedName": "Foundation.Date",
                    "usr": "s:10Foundation4DateV"
                  }
                ],
                "usr": "s:Sq"
              }
            ],
            "declKind": "Var",
            "usr": "s:SS8SwapCoreE15dateFromISO860110Foundation4DateVSgvp",
            "mangledName": "$sSS8SwapCoreE15dateFromISO860110Foundation4DateVSgvp",
            "moduleName": "SwapCore",
            "isFromExtension": true,
            "accessors": [
              {
                "kind": "Accessor",
                "name": "Get",
                "printedName": "Get()",
                "children": [
                  {
                    "kind": "TypeNominal",
                    "name": "Optional",
                    "printedName": "Foundation.Date?",
                    "children": [
                      {
                        "kind": "TypeNominal",
                        "name": "Date",
                        "printedName": "Foundation.Date",
                        "usr": "s:10Foundation4DateV"
                      }
                    ],
                    "usr": "s:Sq"
                  }
                ],
                "declKind": "Accessor",
                "usr": "s:SS8SwapCoreE15dateFromISO860110Foundation4DateVSgvg",
                "mangledName": "$sSS8SwapCoreE15dateFromISO860110Foundation4DateVSgvg",
                "moduleName": "SwapCore",
                "isFromExtension": true,
                "accessorKind": "get"
              }
            ]
          }
        ],
        "declKind": "Struct",
        "usr": "s:SS",
        "mangledName": "$sSS",
        "moduleName": "Swift",
        "declAttributes": [
          "EagerMove",
          "Frozen"
        ],
        "isExternal": true,
        "conformances": [
          {
            "kind": "Conformance",
            "name": "Copyable",
            "printedName": "Copyable",
            "usr": "s:s8CopyableP",
            "mangledName": "$ss8CopyableP"
          },
          {
            "kind": "Conformance",
            "name": "Escapable",
            "printedName": "Escapable",
            "usr": "s:s9EscapableP",
            "mangledName": "$ss9EscapableP"
          },
          {
            "kind": "Conformance",
            "name": "Decodable",
            "printedName": "Decodable",
            "usr": "s:Se",
            "mangledName": "$sSe"
          },
          {
            "kind": "Conformance",
            "name": "Encodable",
            "printedName": "Encodable",
            "usr": "s:SE",
            "mangledName": "$sSE"
          },
          {
            "kind": "Conformance",
            "name": "CodingKeyRepresentable",
            "printedName": "CodingKeyRepresentable",
            "usr": "s:s22CodingKeyRepresentableP",
            "mangledName": "$ss22CodingKeyRepresentableP"
          },
          {
            "kind": "Conformance",
            "name": "_HasContiguousBytes",
            "printedName": "_HasContiguousBytes",
            "usr": "s:s19_HasContiguousBytesP",
            "mangledName": "$ss19_HasContiguousBytesP"
          },
          {
            "kind": "Conformance",
            "name": "CustomReflectable",
            "printedName": "CustomReflectable",
            "usr": "s:s17CustomReflectableP",
            "mangledName": "$ss17CustomReflectableP"
          },
          {
            "kind": "Conformance",
            "name": "_CustomPlaygroundQuickLookable",
            "printedName": "_CustomPlaygroundQuickLookable",
            "usr": "s:s30_CustomPlaygroundQuickLookableP",
            "mangledName": "$ss30_CustomPlaygroundQuickLookableP"
          },
          {
            "kind": "Conformance",
            "name": "TextOutputStream",
            "printedName": "TextOutputStream",
            "usr": "s:s16TextOutputStreamP",
            "mangledName": "$ss16TextOutputStreamP"
          },
          {
            "kind": "Conformance",
            "name": "TextOutputStreamable",
            "printedName": "TextOutputStreamable",
            "usr": "s:s20TextOutputStreamableP",
            "mangledName": "$ss20TextOutputStreamableP"
          },
          {
            "kind": "Conformance",
            "name": "Hashable",
            "printedName": "Hashable",
            "usr": "s:SH",
            "mangledName": "$sSH"
          },
          {
            "kind": "Conformance",
            "name": "Sendable",
            "printedName": "Sendable",
            "usr": "s:s8SendableP",
            "mangledName": "$ss8SendableP"
          },
          {
            "kind": "Conformance",
            "name": "_ExpressibleByBuiltinUnicodeScalarLiteral",
            "printedName": "_ExpressibleByBuiltinUnicodeScalarLiteral",
            "usr": "s:s41_ExpressibleByBuiltinUnicodeScalarLiteralP",
            "mangledName": "$ss41_ExpressibleByBuiltinUnicodeScalarLiteralP"
          },
          {
            "kind": "Conformance",
            "name": "_ExpressibleByBuiltinExtendedGraphemeClusterLiteral",
            "printedName": "_ExpressibleByBuiltinExtendedGraphemeClusterLiteral",
            "usr": "s:s51_ExpressibleByBuiltinExtendedGraphemeClusterLiteralP",
            "mangledName": "$ss51_ExpressibleByBuiltinExtendedGraphemeClusterLiteralP"
          },
          {
            "kind": "Conformance",
            "name": "_ExpressibleByBuiltinStringLiteral",
            "printedName": "_ExpressibleByBuiltinStringLiteral",
            "usr": "s:s34_ExpressibleByBuiltinStringLiteralP",
            "mangledName": "$ss34_ExpressibleByBuiltinStringLiteralP"
          },
          {
            "kind": "Conformance",
            "name": "ExpressibleByStringLiteral",
            "printedName": "ExpressibleByStringLiteral",
            "children": [
              {
                "kind": "TypeWitness",
                "name": "StringLiteralType",
                "printedName": "StringLiteralType",
                "children": [
                  {
                    "kind": "TypeNominal",
                    "name": "String",
                    "printedName": "Swift.String",
                    "usr": "s:SS"
                  }
                ]
              }
            ],
            "usr": "s:s26ExpressibleByStringLiteralP",
            "mangledName": "$ss26ExpressibleByStringLiteralP"
          },
          {
            "kind": "Conformance",
            "name": "ExpressibleByExtendedGraphemeClusterLiteral",
            "printedName": "ExpressibleByExtendedGraphemeClusterLiteral",
            "children": [
              {
                "kind": "TypeWitness",
                "name": "ExtendedGraphemeClusterLiteralType",
                "printedName": "ExtendedGraphemeClusterLiteralType",
                "children": [
                  {
                    "kind": "TypeNominal",
                    "name": "String",
                    "printedName": "Swift.String",
                    "usr": "s:SS"
                  }
                ]
              }
            ],
            "usr": "s:s43ExpressibleByExtendedGraphemeClusterLiteralP",
            "mangledName": "$ss43ExpressibleByExtendedGraphemeClusterLiteralP"
          },
          {
            "kind": "Conformance",
            "name": "ExpressibleByUnicodeScalarLiteral",
            "printedName": "ExpressibleByUnicodeScalarLiteral",
            "children": [
              {
                "kind": "TypeWitness",
                "name": "UnicodeScalarLiteralType",
                "printedName": "UnicodeScalarLiteralType",
                "children": [
                  {
                    "kind": "TypeNominal",
                    "name": "String",
                    "printedName": "Swift.String",
                    "usr": "s:SS"
                  }
                ]
              }
            ],
            "usr": "s:s33ExpressibleByUnicodeScalarLiteralP",
            "mangledName": "$ss33ExpressibleByUnicodeScalarLiteralP"
          },
          {
            "kind": "Conformance",
            "name": "CustomDebugStringConvertible",
            "printedName": "CustomDebugStringConvertible",
            "usr": "s:s28CustomDebugStringConvertibleP",
            "mangledName": "$ss28CustomDebugStringConvertibleP"
          },
          {
            "kind": "Conformance",
            "name": "CustomStringConvertible",
            "printedName": "CustomStringConvertible",
            "usr": "s:s23CustomStringConvertibleP",
            "mangledName": "$ss23CustomStringConvertibleP"
          },
          {
            "kind": "Conformance",
            "name": "BidirectionalCollection",
            "printedName": "BidirectionalCollection",
            "children": [
              {
                "kind": "TypeWitness",
                "name": "Element",
                "printedName": "Element",
                "children": [
                  {
                    "kind": "TypeNominal",
                    "name": "Character",
                    "printedName": "Swift.Character",
                    "usr": "s:SJ"
                  }
                ]
              },
              {
                "kind": "TypeWitness",
                "name": "Index",
                "printedName": "Index",
                "children": [
                  {
                    "kind": "TypeNominal",
                    "name": "Index",
                    "printedName": "Swift.String.Index",
                    "usr": "s:SS5IndexV"
                  }
                ]
              },
              {
                "kind": "TypeWitness",
                "name": "SubSequence",
                "printedName": "SubSequence",
                "children": [
                  {
                    "kind": "TypeNominal",
                    "name": "Substring",
                    "printedName": "Swift.Substring",
                    "usr": "s:Ss"
                  }
                ]
              },
              {
                "kind": "TypeWitness",
                "name": "Indices",
                "printedName": "Indices",
                "children": [
                  {
                    "kind": "TypeNominal",
                    "name": "DefaultIndices",
                    "printedName": "Swift.DefaultIndices<Swift.String>",
                    "children": [
                      {
                        "kind": "TypeNominal",
                        "name": "String",
                        "printedName": "Swift.String",
                        "usr": "s:SS"
                      }
                    ],
                    "usr": "s:SI"
                  }
                ]
              }
            ],
            "usr": "s:SK",
            "mangledName": "$sSK"
          },
          {
            "kind": "Conformance",
            "name": "Collection",
            "printedName": "Collection",
            "children": [
              {
                "kind": "TypeWitness",
                "name": "Element",
                "printedName": "Element",
                "children": [
                  {
                    "kind": "TypeNominal",
                    "name": "Character",
                    "printedName": "Swift.Character",
                    "usr": "s:SJ"
                  }
                ]
              },
              {
                "kind": "TypeWitness",
                "name": "Index",
                "printedName": "Index",
                "children": [
                  {
                    "kind": "TypeNominal",
                    "name": "Index",
                    "printedName": "Swift.String.Index",
                    "usr": "s:SS5IndexV"
                  }
                ]
              },
              {
                "kind": "TypeWitness",
                "name": "Iterator",
                "printedName": "Iterator",
                "children": [
                  {
                    "kind": "TypeNominal",
                    "name": "Iterator",
                    "printedName": "Swift.String.Iterator",
                    "usr": "s:SS8IteratorV"
                  }
                ]
              },
              {
                "kind": "TypeWitness",
                "name": "SubSequence",
                "printedName": "SubSequence",
                "children": [
                  {
                    "kind": "TypeNominal",
                    "name": "Substring",
                    "printedName": "Swift.Substring",
                    "usr": "s:Ss"
                  }
                ]
              },
              {
                "kind": "TypeWitness",
                "name": "Indices",
                "printedName": "Indices",
                "children": [
                  {
                    "kind": "TypeNominal",
                    "name": "DefaultIndices",
                    "printedName": "Swift.DefaultIndices<Swift.String>",
                    "children": [
                      {
                        "kind": "TypeNominal",
                        "name": "String",
                        "printedName": "Swift.String",
                        "usr": "s:SS"
                      }
                    ],
                    "usr": "s:SI"
                  }
                ]
              }
            ],
            "usr": "s:Sl",
            "mangledName": "$sSl"
          },
          {
            "kind": "Conformance",
            "name": "Sequence",
            "printedName": "Sequence",
            "children": [
              {
                "kind": "TypeWitness",
                "name": "Element",
                "printedName": "Element",
                "children": [
                  {
                    "kind": "TypeNominal",
                    "name": "Character",
                    "printedName": "Swift.Character",
                    "usr": "s:SJ"
                  }
                ]
              },
              {
                "kind": "TypeWitness",
                "name": "Iterator",
                "printedName": "Iterator",
                "children": [
                  {
                    "kind": "TypeNominal",
                    "name": "Iterator",
                    "printedName": "Swift.String.Iterator",
                    "usr": "s:SS8IteratorV"
                  }
                ]
              }
            ],
            "usr": "s:ST",
            "mangledName": "$sST"
          },
          {
            "kind": "Conformance",
            "name": "Equatable",
            "printedName": "Equatable",
            "usr": "s:SQ",
            "mangledName": "$sSQ"
          },
          {
            "kind": "Conformance",
            "name": "Comparable",
            "printedName": "Comparable",
            "usr": "s:SL",
            "mangledName": "$sSL"
          },
          {
            "kind": "Conformance",
            "name": "StringProtocol",
            "printedName": "StringProtocol",
            "children": [
              {
                "kind": "TypeWitness",
                "name": "UTF8View",
                "printedName": "UTF8View",
                "children": [
                  {
                    "kind": "TypeNominal",
                    "name": "UTF8View",
                    "printedName": "Swift.String.UTF8View",
                    "usr": "s:SS8UTF8ViewV"
                  }
                ]
              },
              {
                "kind": "TypeWitness",
                "name": "UTF16View",
                "printedName": "UTF16View",
                "children": [
                  {
                    "kind": "TypeNominal",
                    "name": "UTF16View",
                    "printedName": "Swift.String.UTF16View",
                    "usr": "s:SS9UTF16ViewV"
                  }
                ]
              },
              {
                "kind": "TypeWitness",
                "name": "UnicodeScalarView",
                "printedName": "UnicodeScalarView",
                "children": [
                  {
                    "kind": "TypeNominal",
                    "name": "UnicodeScalarView",
                    "printedName": "Swift.String.UnicodeScalarView",
                    "usr": "s:SS17UnicodeScalarViewV"
                  }
                ]
              },
              {
                "kind": "TypeWitness",
                "name": "SubSequence",
                "printedName": "SubSequence",
                "children": [
                  {
                    "kind": "TypeNominal",
                    "name": "Substring",
                    "printedName": "Swift.Substring",
                    "usr": "s:Ss"
                  }
                ]
              }
            ],
            "usr": "s:Sy",
            "mangledName": "$sSy"
          },
          {
            "kind": "Conformance",
            "name": "ExpressibleByStringInterpolation",
            "printedName": "ExpressibleByStringInterpolation",
            "children": [
              {
                "kind": "TypeWitness",
                "name": "StringInterpolation",
                "printedName": "StringInterpolation",
                "children": [
                  {
                    "kind": "TypeNominal",
                    "name": "DefaultStringInterpolation",
                    "printedName": "Swift.DefaultStringInterpolation",
                    "usr": "s:s26DefaultStringInterpolationV"
                  }
                ]
              }
            ],
            "usr": "s:s32ExpressibleByStringInterpolationP",
            "mangledName": "$ss32ExpressibleByStringInterpolationP"
          },
          {
            "kind": "Conformance",
            "name": "LosslessStringConvertible",
            "printedName": "LosslessStringConvertible",
            "usr": "s:s25LosslessStringConvertibleP",
            "mangledName": "$ss25LosslessStringConvertibleP"
          },
          {
            "kind": "Conformance",
            "name": "RangeReplaceableCollection",
            "printedName": "RangeReplaceableCollection",
            "children": [
              {
                "kind": "TypeWitness",
                "name": "SubSequence",
                "printedName": "SubSequence",
                "children": [
                  {
                    "kind": "TypeNominal",
                    "name": "Substring",
                    "printedName": "Swift.Substring",
                    "usr": "s:Ss"
                  }
                ]
              }
            ],
            "usr": "s:Sm",
            "mangledName": "$sSm"
          },
          {
            "kind": "Conformance",
            "name": "MirrorPath",
            "printedName": "MirrorPath",
            "usr": "s:s10MirrorPathP",
            "mangledName": "$ss10MirrorPathP"
          },
          {
            "kind": "Conformance",
            "name": "_ObjectiveCBridgeable",
            "printedName": "_ObjectiveCBridgeable",
            "children": [
              {
                "kind": "TypeWitness",
                "name": "_ObjectiveCType",
                "printedName": "_ObjectiveCType",
                "children": [
                  {
                    "kind": "TypeNominal",
                    "name": "NSString",
                    "printedName": "Foundation.NSString",
                    "usr": "c:objc(cs)NSString"
                  }
                ]
              }
            ],
            "usr": "s:s21_ObjectiveCBridgeableP",
            "mangledName": "$ss21_ObjectiveCBridgeableP"
          },
          {
            "kind": "Conformance",
            "name": "CVarArg",
            "printedName": "CVarArg",
            "usr": "s:s7CVarArgP",
            "mangledName": "$ss7CVarArgP"
          }
        ]
      }
    ],
    "json_format_version": 8
  },
  "ConstValues": [
    {
      "filePath": "\/Users\/fernando.cruz\/Swap\/Sdks\/swap-ios\/SwapCore\/SwapCore\/Source\/TestLogger.swift",
      "kind": "IntegerLiteral",
      "offset": 153,
      "length": 1,
      "value": "1"
    },
    {
      "filePath": "\/Users\/fernando.cruz\/Swap\/Sdks\/swap-ios\/SwapCore\/SwapCore\/Source\/TestLogger.swift",
      "kind": "IntegerLiteral",
      "offset": 164,
      "length": 5,
      "value": "2"
    },
    {
      "filePath": "\/Users\/fernando.cruz\/Swap\/Sdks\/swap-ios\/SwapCore\/SwapCore\/Source\/TestLogger.swift",
      "kind": "IntegerLiteral",
      "offset": 179,
      "length": 7,
      "value": "3"
    },
    {
      "filePath": "\/Users\/fernando.cruz\/Swap\/Sdks\/swap-ios\/SwapCore\/SwapCore\/Source\/TestLogger.swift",
      "kind": "IntegerLiteral",
      "offset": 196,
      "length": 5,
      "value": "4"
    },
    {
      "filePath": "\/Users\/fernando.cruz\/Swap\/Sdks\/swap-ios\/SwapCore\/SwapCore\/Source\/TestLogger.swift",
      "kind": "IntegerLiteral",
      "offset": 211,
      "length": 4,
      "value": "5"
    },
    {
      "filePath": "\/Users\/fernando.cruz\/Swap\/Sdks\/swap-ios\/SwapCore\/SwapCore\/Source\/TestLogger.swift",
      "kind": "BooleanLiteral",
      "offset": 753,
      "length": 5,
      "value": "false"
    },
    {
      "filePath": "\/Users\/fernando.cruz\/Swap\/Sdks\/swap-ios\/SwapCore\/SwapCore\/Source\/TestLogger.swift",
      "kind": "StringLiteral",
      "offset": 3243,
      "length": 21,
      "value": "\"yyyy-MM-dd HH:mm:ss\""
    },
    {
      "filePath": "\/Users\/fernando.cruz\/Swap\/Sdks\/swap-ios\/SwapCore\/SwapCore\/Source\/TestLogger.swift",
      "kind": "StringLiteral",
      "offset": 3966,
      "length": 13,
      "value": "\"en_US_POSIX\""
    },
    {
      "filePath": "\/Users\/fernando.cruz\/Swap\/Sdks\/swap-ios\/SwapCore\/SwapCore\/Source\/TestLogger.swift",
      "kind": "IntegerLiteral",
      "offset": 4035,
      "length": 1,
      "value": "0"
    },
    {
      "filePath": "\/Users\/fernando.cruz\/Swap\/Sdks\/swap-ios\/SwapCore\/SwapCore\/Source\/TestLogger.swift",
      "kind": "StringLiteral",
      "offset": 4069,
      "length": 32,
      "value": "\"yyyy-MM-dd'T'HH:mm:ss.SSSXXXXX\""
    }
  ]
}